,등록일자,조도2(0~255단계),조도4(0~255단계),조도6,누적전력량3(W),누적전력량4(W),누적전력량6(W),월,일,날짜
0,2020-11-09 00:00,58.0,7.9,7.8,1,100,100,11,9,"0         11
689       11
1376      11
2044      11
2719      11
          ..
112419    11
113115    11
113807    11
114500    11
115192    11
Name: 등록일자, Length: 168, dtype: int640          9
689        9
1376       9
2044       9
2719       9
          ..
112419    15
113115    15
113807    15
114500    15
115192    15
Name: 일, Length: 168, dtype: int64"
689,2020-11-09 01:00,7.0,0.3,0.3,0,100,100,11,9,"0         11
689       11
1376      11
2044      11
2719      11
          ..
112419    11
113115    11
113807    11
114500    11
115192    11
Name: 등록일자, Length: 168, dtype: int640          9
689        9
1376       9
2044       9
2719       9
          ..
112419    15
113115    15
113807    15
114500    15
115192    15
Name: 일, Length: 168, dtype: int64"
1376,2020-11-09 02:00,1.0,6.3,6.2,0,100,100,11,9,"0         11
689       11
1376      11
2044      11
2719      11
          ..
112419    11
113115    11
113807    11
114500    11
115192    11
Name: 등록일자, Length: 168, dtype: int640          9
689        9
1376       9
2044       9
2719       9
          ..
112419    15
113115    15
113807    15
114500    15
115192    15
Name: 일, Length: 168, dtype: int64"
2044,2020-11-09 03:00,3.0,0.0,0.0,0,100,100,11,9,"0         11
689       11
1376      11
2044      11
2719      11
          ..
112419    11
113115    11
113807    11
114500    11
115192    11
Name: 등록일자, Length: 168, dtype: int640          9
689        9
1376       9
2044       9
2719       9
          ..
112419    15
113115    15
113807    15
114500    15
115192    15
Name: 일, Length: 168, dtype: int64"
2719,2020-11-09 04:00,40.0,0.1,23.8,1,100,100,11,9,"0         11
689       11
1376      11
2044      11
2719      11
          ..
112419    11
113115    11
113807    11
114500    11
115192    11
Name: 등록일자, Length: 168, dtype: int640          9
689        9
1376       9
2044       9
2719       9
          ..
112419    15
113115    15
113807    15
114500    15
115192    15
Name: 일, Length: 168, dtype: int64"
3401,2020-11-09 05:00,79.0,0.1,0.0,1,100,100,11,9,"0         11
689       11
1376      11
2044      11
2719      11
          ..
112419    11
113115    11
113807    11
114500    11
115192    11
Name: 등록일자, Length: 168, dtype: int640          9
689        9
1376       9
2044       9
2719       9
          ..
112419    15
113115    15
113807    15
114500    15
115192    15
Name: 일, Length: 168, dtype: int64"
4079,2020-11-09 06:00,9.0,33.7,33.5,0,100,100,11,9,"0         11
689       11
1376      11
2044      11
2719      11
          ..
112419    11
113115    11
113807    11
114500    11
115192    11
Name: 등록일자, Length: 168, dtype: int640          9
689        9
1376       9
2044       9
2719       9
          ..
112419    15
113115    15
113807    15
114500    15
115192    15
Name: 일, Length: 168, dtype: int64"
4768,2020-11-09 07:00,5.0,0.0,0.0,0,100,100,11,9,"0         11
689       11
1376      11
2044      11
2719      11
          ..
112419    11
113115    11
113807    11
114500    11
115192    11
Name: 등록일자, Length: 168, dtype: int640          9
689        9
1376       9
2044       9
2719       9
          ..
112419    15
113115    15
113807    15
114500    15
115192    15
Name: 일, Length: 168, dtype: int64"
5466,2020-11-09 08:00,16.0,0.2,0.2,0,100,100,11,9,"0         11
689       11
1376      11
2044      11
2719      11
          ..
112419    11
113115    11
113807    11
114500    11
115192    11
Name: 등록일자, Length: 168, dtype: int640          9
689        9
1376       9
2044       9
2719       9
          ..
112419    15
113115    15
113807    15
114500    15
115192    15
Name: 일, Length: 168, dtype: int64"
6150,2020-11-09 09:00,26.0,11.0,13.7,0,84,100,11,9,"0         11
689       11
1376      11
2044      11
2719      11
          ..
112419    11
113115    11
113807    11
114500    11
115192    11
Name: 등록일자, Length: 168, dtype: int640          9
689        9
1376       9
2044       9
2719       9
          ..
112419    15
113115    15
113807    15
114500    15
115192    15
Name: 일, Length: 168, dtype: int64"
6840,2020-11-09 10:00,2.0,0.0,0.0,0,37,7,11,9,"0         11
689       11
1376      11
2044      11
2719      11
          ..
112419    11
113115    11
113807    11
114500    11
115192    11
Name: 등록일자, Length: 168, dtype: int640          9
689        9
1376       9
2044       9
2719       9
          ..
112419    15
113115    15
113807    15
114500    15
115192    15
Name: 일, Length: 168, dtype: int64"
7513,2020-11-09 11:00,47.0,4.1,4.1,0,0,0,11,9,"0         11
689       11
1376      11
2044      11
2719      11
          ..
112419    11
113115    11
113807    11
114500    11
115192    11
Name: 등록일자, Length: 168, dtype: int640          9
689        9
1376       9
2044       9
2719       9
          ..
112419    15
113115    15
113807    15
114500    15
115192    15
Name: 일, Length: 168, dtype: int64"
8199,2020-11-09 12:00,6.0,1.5,1.5,0,100,100,11,9,"0         11
689       11
1376      11
2044      11
2719      11
          ..
112419    11
113115    11
113807    11
114500    11
115192    11
Name: 등록일자, Length: 168, dtype: int640          9
689        9
1376       9
2044       9
2719       9
          ..
112419    15
113115    15
113807    15
114500    15
115192    15
Name: 일, Length: 168, dtype: int64"
8890,2020-11-09 13:00,10.0,2.3,2.3,0,80,89,11,9,"0         11
689       11
1376      11
2044      11
2719      11
          ..
112419    11
113115    11
113807    11
114500    11
115192    11
Name: 등록일자, Length: 168, dtype: int640          9
689        9
1376       9
2044       9
2719       9
          ..
112419    15
113115    15
113807    15
114500    15
115192    15
Name: 일, Length: 168, dtype: int64"
9588,2020-11-09 14:00,14.0,0.0,0.0,1,0,0,11,9,"0         11
689       11
1376      11
2044      11
2719      11
          ..
112419    11
113115    11
113807    11
114500    11
115192    11
Name: 등록일자, Length: 168, dtype: int640          9
689        9
1376       9
2044       9
2719       9
          ..
112419    15
113115    15
113807    15
114500    15
115192    15
Name: 일, Length: 168, dtype: int64"
10275,2020-11-09 15:00,6.0,8.9,8.8,0,0,0,11,9,"0         11
689       11
1376      11
2044      11
2719      11
          ..
112419    11
113115    11
113807    11
114500    11
115192    11
Name: 등록일자, Length: 168, dtype: int640          9
689        9
1376       9
2044       9
2719       9
          ..
112419    15
113115    15
113807    15
114500    15
115192    15
Name: 일, Length: 168, dtype: int64"
10962,2020-11-09 16:00,3.0,0.0,0.0,1,100,100,11,9,"0         11
689       11
1376      11
2044      11
2719      11
          ..
112419    11
113115    11
113807    11
114500    11
115192    11
Name: 등록일자, Length: 168, dtype: int640          9
689        9
1376       9
2044       9
2719       9
          ..
112419    15
113115    15
113807    15
114500    15
115192    15
Name: 일, Length: 168, dtype: int64"
11666,2020-11-09 17:00,20.0,0.1,0.1,1,0,0,11,9,"0         11
689       11
1376      11
2044      11
2719      11
          ..
112419    11
113115    11
113807    11
114500    11
115192    11
Name: 등록일자, Length: 168, dtype: int640          9
689        9
1376       9
2044       9
2719       9
          ..
112419    15
113115    15
113807    15
114500    15
115192    15
Name: 일, Length: 168, dtype: int64"
12364,2020-11-09 18:00,42.0,76.6,88.0,1,100,100,11,9,"0         11
689       11
1376      11
2044      11
2719      11
          ..
112419    11
113115    11
113807    11
114500    11
115192    11
Name: 등록일자, Length: 168, dtype: int640          9
689        9
1376       9
2044       9
2719       9
          ..
112419    15
113115    15
113807    15
114500    15
115192    15
Name: 일, Length: 168, dtype: int64"
13056,2020-11-09 19:00,27.0,0.4,0.4,0,100,100,11,9,"0         11
689       11
1376      11
2044      11
2719      11
          ..
112419    11
113115    11
113807    11
114500    11
115192    11
Name: 등록일자, Length: 168, dtype: int640          9
689        9
1376       9
2044       9
2719       9
          ..
112419    15
113115    15
113807    15
114500    15
115192    15
Name: 일, Length: 168, dtype: int64"
13744,2020-11-09 20:00,24.0,1.3,1.2,0,64,65,11,9,"0         11
689       11
1376      11
2044      11
2719      11
          ..
112419    11
113115    11
113807    11
114500    11
115192    11
Name: 등록일자, Length: 168, dtype: int640          9
689        9
1376       9
2044       9
2719       9
          ..
112419    15
113115    15
113807    15
114500    15
115192    15
Name: 일, Length: 168, dtype: int64"
14450,2020-11-09 21:00,10.0,0.0,0.0,0,100,100,11,9,"0         11
689       11
1376      11
2044      11
2719      11
          ..
112419    11
113115    11
113807    11
114500    11
115192    11
Name: 등록일자, Length: 168, dtype: int640          9
689        9
1376       9
2044       9
2719       9
          ..
112419    15
113115    15
113807    15
114500    15
115192    15
Name: 일, Length: 168, dtype: int64"
15136,2020-11-09 22:00,49.0,0.9,6.2,1,0,0,11,9,"0         11
689       11
1376      11
2044      11
2719      11
          ..
112419    11
113115    11
113807    11
114500    11
115192    11
Name: 등록일자, Length: 168, dtype: int640          9
689        9
1376       9
2044       9
2719       9
          ..
112419    15
113115    15
113807    15
114500    15
115192    15
Name: 일, Length: 168, dtype: int64"
15829,2020-11-09 23:00,11.0,10.9,10.9,1,21,100,11,9,"0         11
689       11
1376      11
2044      11
2719      11
          ..
112419    11
113115    11
113807    11
114500    11
115192    11
Name: 등록일자, Length: 168, dtype: int640          9
689        9
1376       9
2044       9
2719       9
          ..
112419    15
113115    15
113807    15
114500    15
115192    15
Name: 일, Length: 168, dtype: int64"
16522,2020-11-10 00:00,11.0,1.4,1.4,1,100,100,11,10,"0         11
689       11
1376      11
2044      11
2719      11
          ..
112419    11
113115    11
113807    11
114500    11
115192    11
Name: 등록일자, Length: 168, dtype: int640          9
689        9
1376       9
2044       9
2719       9
          ..
112419    15
113115    15
113807    15
114500    15
115192    15
Name: 일, Length: 168, dtype: int64"
17214,2020-11-10 01:00,,0.0,0.0,0,100,100,11,10,"0         11
689       11
1376      11
2044      11
2719      11
          ..
112419    11
113115    11
113807    11
114500    11
115192    11
Name: 등록일자, Length: 168, dtype: int640          9
689        9
1376       9
2044       9
2719       9
          ..
112419    15
113115    15
113807    15
114500    15
115192    15
Name: 일, Length: 168, dtype: int64"
17907,2020-11-10 02:00,55.0,0.0,0.0,1,100,100,11,10,"0         11
689       11
1376      11
2044      11
2719      11
          ..
112419    11
113115    11
113807    11
114500    11
115192    11
Name: 등록일자, Length: 168, dtype: int640          9
689        9
1376       9
2044       9
2719       9
          ..
112419    15
113115    15
113807    15
114500    15
115192    15
Name: 일, Length: 168, dtype: int64"
18603,2020-11-10 03:00,31.0,10.5,14.7,1,100,100,11,10,"0         11
689       11
1376      11
2044      11
2719      11
          ..
112419    11
113115    11
113807    11
114500    11
115192    11
Name: 등록일자, Length: 168, dtype: int640          9
689        9
1376       9
2044       9
2719       9
          ..
112419    15
113115    15
113807    15
114500    15
115192    15
Name: 일, Length: 168, dtype: int64"
19286,2020-11-10 04:00,32.0,3.2,3.2,0,100,100,11,10,"0         11
689       11
1376      11
2044      11
2719      11
          ..
112419    11
113115    11
113807    11
114500    11
115192    11
Name: 등록일자, Length: 168, dtype: int640          9
689        9
1376       9
2044       9
2719       9
          ..
112419    15
113115    15
113807    15
114500    15
115192    15
Name: 일, Length: 168, dtype: int64"
19979,2020-11-10 05:00,26.0,0.1,0.1,0,100,100,11,10,"0         11
689       11
1376      11
2044      11
2719      11
          ..
112419    11
113115    11
113807    11
114500    11
115192    11
Name: 등록일자, Length: 168, dtype: int640          9
689        9
1376       9
2044       9
2719       9
          ..
112419    15
113115    15
113807    15
114500    15
115192    15
Name: 일, Length: 168, dtype: int64"
20671,2020-11-10 06:00,5.0,6.1,6.2,0,0,0,11,10,"0         11
689       11
1376      11
2044      11
2719      11
          ..
112419    11
113115    11
113807    11
114500    11
115192    11
Name: 등록일자, Length: 168, dtype: int640          9
689        9
1376       9
2044       9
2719       9
          ..
112419    15
113115    15
113807    15
114500    15
115192    15
Name: 일, Length: 168, dtype: int64"
21367,2020-11-10 07:00,8.0,0.0,0.0,0,100,100,11,10,"0         11
689       11
1376      11
2044      11
2719      11
          ..
112419    11
113115    11
113807    11
114500    11
115192    11
Name: 등록일자, Length: 168, dtype: int640          9
689        9
1376       9
2044       9
2719       9
          ..
112419    15
113115    15
113807    15
114500    15
115192    15
Name: 일, Length: 168, dtype: int64"
22064,2020-11-10 08:00,6.0,0.0,0.0,0,100,100,11,10,"0         11
689       11
1376      11
2044      11
2719      11
          ..
112419    11
113115    11
113807    11
114500    11
115192    11
Name: 등록일자, Length: 168, dtype: int640          9
689        9
1376       9
2044       9
2719       9
          ..
112419    15
113115    15
113807    15
114500    15
115192    15
Name: 일, Length: 168, dtype: int64"
22762,2020-11-10 09:00,2.0,32.9,33.2,0,0,0,11,10,"0         11
689       11
1376      11
2044      11
2719      11
          ..
112419    11
113115    11
113807    11
114500    11
115192    11
Name: 등록일자, Length: 168, dtype: int640          9
689        9
1376       9
2044       9
2719       9
          ..
112419    15
113115    15
113807    15
114500    15
115192    15
Name: 일, Length: 168, dtype: int64"
23458,2020-11-10 10:00,59.0,2.2,2.2,0,0,0,11,10,"0         11
689       11
1376      11
2044      11
2719      11
          ..
112419    11
113115    11
113807    11
114500    11
115192    11
Name: 등록일자, Length: 168, dtype: int640          9
689        9
1376       9
2044       9
2719       9
          ..
112419    15
113115    15
113807    15
114500    15
115192    15
Name: 일, Length: 168, dtype: int64"
24148,2020-11-10 11:00,11.0,8.4,8.5,0,18,17,11,10,"0         11
689       11
1376      11
2044      11
2719      11
          ..
112419    11
113115    11
113807    11
114500    11
115192    11
Name: 등록일자, Length: 168, dtype: int640          9
689        9
1376       9
2044       9
2719       9
          ..
112419    15
113115    15
113807    15
114500    15
115192    15
Name: 일, Length: 168, dtype: int64"
24842,2020-11-10 12:00,6.0,0.0,0.0,0,100,100,11,10,"0         11
689       11
1376      11
2044      11
2719      11
          ..
112419    11
113115    11
113807    11
114500    11
115192    11
Name: 등록일자, Length: 168, dtype: int640          9
689        9
1376       9
2044       9
2719       9
          ..
112419    15
113115    15
113807    15
114500    15
115192    15
Name: 일, Length: 168, dtype: int64"
25539,2020-11-10 13:00,4.0,0.0,0.0,0,93,94,11,10,"0         11
689       11
1376      11
2044      11
2719      11
          ..
112419    11
113115    11
113807    11
114500    11
115192    11
Name: 등록일자, Length: 168, dtype: int640          9
689        9
1376       9
2044       9
2719       9
          ..
112419    15
113115    15
113807    15
114500    15
115192    15
Name: 일, Length: 168, dtype: int64"
26242,2020-11-10 14:00,6.0,0.1,0.1,0,81,83,11,10,"0         11
689       11
1376      11
2044      11
2719      11
          ..
112419    11
113115    11
113807    11
114500    11
115192    11
Name: 등록일자, Length: 168, dtype: int640          9
689        9
1376       9
2044       9
2719       9
          ..
112419    15
113115    15
113807    15
114500    15
115192    15
Name: 일, Length: 168, dtype: int64"
26941,2020-11-10 15:00,21.0,1.5,1.4,0,100,100,11,10,"0         11
689       11
1376      11
2044      11
2719      11
          ..
112419    11
113115    11
113807    11
114500    11
115192    11
Name: 등록일자, Length: 168, dtype: int640          9
689        9
1376       9
2044       9
2719       9
          ..
112419    15
113115    15
113807    15
114500    15
115192    15
Name: 일, Length: 168, dtype: int64"
27635,2020-11-10 16:00,4.0,5.2,8.1,0,100,100,11,10,"0         11
689       11
1376      11
2044      11
2719      11
          ..
112419    11
113115    11
113807    11
114500    11
115192    11
Name: 등록일자, Length: 168, dtype: int640          9
689        9
1376       9
2044       9
2719       9
          ..
112419    15
113115    15
113807    15
114500    15
115192    15
Name: 일, Length: 168, dtype: int64"
28329,2020-11-10 17:00,16.0,13.4,13.0,1,0,0,11,10,"0         11
689       11
1376      11
2044      11
2719      11
          ..
112419    11
113115    11
113807    11
114500    11
115192    11
Name: 등록일자, Length: 168, dtype: int640          9
689        9
1376       9
2044       9
2719       9
          ..
112419    15
113115    15
113807    15
114500    15
115192    15
Name: 일, Length: 168, dtype: int64"
29027,2020-11-10 18:00,55.0,14.7,8.4,0,0,94,11,10,"0         11
689       11
1376      11
2044      11
2719      11
          ..
112419    11
113115    11
113807    11
114500    11
115192    11
Name: 등록일자, Length: 168, dtype: int640          9
689        9
1376       9
2044       9
2719       9
          ..
112419    15
113115    15
113807    15
114500    15
115192    15
Name: 일, Length: 168, dtype: int64"
29743,2020-11-10 19:00,10.0,0.0,0.0,0,100,100,11,10,"0         11
689       11
1376      11
2044      11
2719      11
          ..
112419    11
113115    11
113807    11
114500    11
115192    11
Name: 등록일자, Length: 168, dtype: int640          9
689        9
1376       9
2044       9
2719       9
          ..
112419    15
113115    15
113807    15
114500    15
115192    15
Name: 일, Length: 168, dtype: int64"
30449,2020-11-10 20:00,16.0,0.1,0.1,0,100,100,11,10,"0         11
689       11
1376      11
2044      11
2719      11
          ..
112419    11
113115    11
113807    11
114500    11
115192    11
Name: 등록일자, Length: 168, dtype: int640          9
689        9
1376       9
2044       9
2719       9
          ..
112419    15
113115    15
113807    15
114500    15
115192    15
Name: 일, Length: 168, dtype: int64"
31153,2020-11-10 21:00,53.0,37.6,0.9,1,100,100,11,10,"0         11
689       11
1376      11
2044      11
2719      11
          ..
112419    11
113115    11
113807    11
114500    11
115192    11
Name: 등록일자, Length: 168, dtype: int640          9
689        9
1376       9
2044       9
2719       9
          ..
112419    15
113115    15
113807    15
114500    15
115192    15
Name: 일, Length: 168, dtype: int64"
31845,2020-11-10 22:00,17.0,0.0,0.0,0,95,90,11,10,"0         11
689       11
1376      11
2044      11
2719      11
          ..
112419    11
113115    11
113807    11
114500    11
115192    11
Name: 등록일자, Length: 168, dtype: int640          9
689        9
1376       9
2044       9
2719       9
          ..
112419    15
113115    15
113807    15
114500    15
115192    15
Name: 일, Length: 168, dtype: int64"
32544,2020-11-10 23:00,3.0,0.0,0.0,0,100,100,11,10,"0         11
689       11
1376      11
2044      11
2719      11
          ..
112419    11
113115    11
113807    11
114500    11
115192    11
Name: 등록일자, Length: 168, dtype: int640          9
689        9
1376       9
2044       9
2719       9
          ..
112419    15
113115    15
113807    15
114500    15
115192    15
Name: 일, Length: 168, dtype: int64"
33234,2020-11-11 00:00,6.0,0.0,0.0,0,100,100,11,11,"0         11
689       11
1376      11
2044      11
2719      11
          ..
112419    11
113115    11
113807    11
114500    11
115192    11
Name: 등록일자, Length: 168, dtype: int640          9
689        9
1376       9
2044       9
2719       9
          ..
112419    15
113115    15
113807    15
114500    15
115192    15
Name: 일, Length: 168, dtype: int64"
33935,2020-11-11 01:00,3.0,0.0,0.0,0,100,100,11,11,"0         11
689       11
1376      11
2044      11
2719      11
          ..
112419    11
113115    11
113807    11
114500    11
115192    11
Name: 등록일자, Length: 168, dtype: int640          9
689        9
1376       9
2044       9
2719       9
          ..
112419    15
113115    15
113807    15
114500    15
115192    15
Name: 일, Length: 168, dtype: int64"
34631,2020-11-11 02:00,9.0,0.3,0.3,0,100,100,11,11,"0         11
689       11
1376      11
2044      11
2719      11
          ..
112419    11
113115    11
113807    11
114500    11
115192    11
Name: 등록일자, Length: 168, dtype: int640          9
689        9
1376       9
2044       9
2719       9
          ..
112419    15
113115    15
113807    15
114500    15
115192    15
Name: 일, Length: 168, dtype: int64"
35334,2020-11-11 03:00,20.0,5.2,3.9,0,100,100,11,11,"0         11
689       11
1376      11
2044      11
2719      11
          ..
112419    11
113115    11
113807    11
114500    11
115192    11
Name: 등록일자, Length: 168, dtype: int640          9
689        9
1376       9
2044       9
2719       9
          ..
112419    15
113115    15
113807    15
114500    15
115192    15
Name: 일, Length: 168, dtype: int64"
36028,2020-11-11 04:00,61.0,23.7,1.0,1,100,100,11,11,"0         11
689       11
1376      11
2044      11
2719      11
          ..
112419    11
113115    11
113807    11
114500    11
115192    11
Name: 등록일자, Length: 168, dtype: int640          9
689        9
1376       9
2044       9
2719       9
          ..
112419    15
113115    15
113807    15
114500    15
115192    15
Name: 일, Length: 168, dtype: int64"
36722,2020-11-11 05:00,42.0,1.4,12.6,1,100,100,11,11,"0         11
689       11
1376      11
2044      11
2719      11
          ..
112419    11
113115    11
113807    11
114500    11
115192    11
Name: 등록일자, Length: 168, dtype: int640          9
689        9
1376       9
2044       9
2719       9
          ..
112419    15
113115    15
113807    15
114500    15
115192    15
Name: 일, Length: 168, dtype: int64"
37411,2020-11-11 06:00,14.0,0.0,0.0,0,67,66,11,11,"0         11
689       11
1376      11
2044      11
2719      11
          ..
112419    11
113115    11
113807    11
114500    11
115192    11
Name: 등록일자, Length: 168, dtype: int640          9
689        9
1376       9
2044       9
2719       9
          ..
112419    15
113115    15
113807    15
114500    15
115192    15
Name: 일, Length: 168, dtype: int64"
38105,2020-11-11 07:00,9.0,1.5,1.6,0,59,100,11,11,"0         11
689       11
1376      11
2044      11
2719      11
          ..
112419    11
113115    11
113807    11
114500    11
115192    11
Name: 등록일자, Length: 168, dtype: int640          9
689        9
1376       9
2044       9
2719       9
          ..
112419    15
113115    15
113807    15
114500    15
115192    15
Name: 일, Length: 168, dtype: int64"
38805,2020-11-11 08:00,10.0,0.0,0.0,0,100,100,11,11,"0         11
689       11
1376      11
2044      11
2719      11
          ..
112419    11
113115    11
113807    11
114500    11
115192    11
Name: 등록일자, Length: 168, dtype: int640          9
689        9
1376       9
2044       9
2719       9
          ..
112419    15
113115    15
113807    15
114500    15
115192    15
Name: 일, Length: 168, dtype: int64"
39518,2020-11-11 09:00,6.0,0.0,0.0,0,84,73,11,11,"0         11
689       11
1376      11
2044      11
2719      11
          ..
112419    11
113115    11
113807    11
114500    11
115192    11
Name: 등록일자, Length: 168, dtype: int640          9
689        9
1376       9
2044       9
2719       9
          ..
112419    15
113115    15
113807    15
114500    15
115192    15
Name: 일, Length: 168, dtype: int64"
40216,2020-11-11 10:00,12.0,0.2,7.6,0,100,100,11,11,"0         11
689       11
1376      11
2044      11
2719      11
          ..
112419    11
113115    11
113807    11
114500    11
115192    11
Name: 등록일자, Length: 168, dtype: int640          9
689        9
1376       9
2044       9
2719       9
          ..
112419    15
113115    15
113807    15
114500    15
115192    15
Name: 일, Length: 168, dtype: int64"
40914,2020-11-11 11:00,7.0,1.4,1.4,0,100,100,11,11,"0         11
689       11
1376      11
2044      11
2719      11
          ..
112419    11
113115    11
113807    11
114500    11
115192    11
Name: 등록일자, Length: 168, dtype: int640          9
689        9
1376       9
2044       9
2719       9
          ..
112419    15
113115    15
113807    15
114500    15
115192    15
Name: 일, Length: 168, dtype: int64"
41611,2020-11-11 12:00,0.0,0.8,0.8,0,100,100,11,11,"0         11
689       11
1376      11
2044      11
2719      11
          ..
112419    11
113115    11
113807    11
114500    11
115192    11
Name: 등록일자, Length: 168, dtype: int640          9
689        9
1376       9
2044       9
2719       9
          ..
112419    15
113115    15
113807    15
114500    15
115192    15
Name: 일, Length: 168, dtype: int64"
42306,2020-11-11 13:00,70.0,20.0,9.5,1,80,82,11,11,"0         11
689       11
1376      11
2044      11
2719      11
          ..
112419    11
113115    11
113807    11
114500    11
115192    11
Name: 등록일자, Length: 168, dtype: int640          9
689        9
1376       9
2044       9
2719       9
          ..
112419    15
113115    15
113807    15
114500    15
115192    15
Name: 일, Length: 168, dtype: int64"
43000,2020-11-11 14:00,6.0,0.0,0.0,0,3,3,11,11,"0         11
689       11
1376      11
2044      11
2719      11
          ..
112419    11
113115    11
113807    11
114500    11
115192    11
Name: 등록일자, Length: 168, dtype: int640          9
689        9
1376       9
2044       9
2719       9
          ..
112419    15
113115    15
113807    15
114500    15
115192    15
Name: 일, Length: 168, dtype: int64"
43684,2020-11-11 15:00,20.0,4.8,4.8,1,83,11,11,11,"0         11
689       11
1376      11
2044      11
2719      11
          ..
112419    11
113115    11
113807    11
114500    11
115192    11
Name: 등록일자, Length: 168, dtype: int640          9
689        9
1376       9
2044       9
2719       9
          ..
112419    15
113115    15
113807    15
114500    15
115192    15
Name: 일, Length: 168, dtype: int64"
44365,2020-11-11 16:00,2.0,0.0,0.0,0,100,100,11,11,"0         11
689       11
1376      11
2044      11
2719      11
          ..
112419    11
113115    11
113807    11
114500    11
115192    11
Name: 등록일자, Length: 168, dtype: int640          9
689        9
1376       9
2044       9
2719       9
          ..
112419    15
113115    15
113807    15
114500    15
115192    15
Name: 일, Length: 168, dtype: int64"
45051,2020-11-11 17:00,9.0,0.0,0.0,1,0,0,11,11,"0         11
689       11
1376      11
2044      11
2719      11
          ..
112419    11
113115    11
113807    11
114500    11
115192    11
Name: 등록일자, Length: 168, dtype: int640          9
689        9
1376       9
2044       9
2719       9
          ..
112419    15
113115    15
113807    15
114500    15
115192    15
Name: 일, Length: 168, dtype: int64"
45742,2020-11-11 18:00,44.0,0.0,7.2,1,11,45,11,11,"0         11
689       11
1376      11
2044      11
2719      11
          ..
112419    11
113115    11
113807    11
114500    11
115192    11
Name: 등록일자, Length: 168, dtype: int640          9
689        9
1376       9
2044       9
2719       9
          ..
112419    15
113115    15
113807    15
114500    15
115192    15
Name: 일, Length: 168, dtype: int64"
46429,2020-11-11 19:00,4.0,0.0,0.0,0,58,66,11,11,"0         11
689       11
1376      11
2044      11
2719      11
          ..
112419    11
113115    11
113807    11
114500    11
115192    11
Name: 등록일자, Length: 168, dtype: int640          9
689        9
1376       9
2044       9
2719       9
          ..
112419    15
113115    15
113807    15
114500    15
115192    15
Name: 일, Length: 168, dtype: int64"
47108,2020-11-11 20:00,52.0,0.1,0.1,0,78,78,11,11,"0         11
689       11
1376      11
2044      11
2719      11
          ..
112419    11
113115    11
113807    11
114500    11
115192    11
Name: 등록일자, Length: 168, dtype: int640          9
689        9
1376       9
2044       9
2719       9
          ..
112419    15
113115    15
113807    15
114500    15
115192    15
Name: 일, Length: 168, dtype: int64"
47798,2020-11-11 21:00,7.0,2.2,2.2,0,41,100,11,11,"0         11
689       11
1376      11
2044      11
2719      11
          ..
112419    11
113115    11
113807    11
114500    11
115192    11
Name: 등록일자, Length: 168, dtype: int640          9
689        9
1376       9
2044       9
2719       9
          ..
112419    15
113115    15
113807    15
114500    15
115192    15
Name: 일, Length: 168, dtype: int64"
48482,2020-11-11 22:00,13.0,0.0,0.0,1,65,100,11,11,"0         11
689       11
1376      11
2044      11
2719      11
          ..
112419    11
113115    11
113807    11
114500    11
115192    11
Name: 등록일자, Length: 168, dtype: int640          9
689        9
1376       9
2044       9
2719       9
          ..
112419    15
113115    15
113807    15
114500    15
115192    15
Name: 일, Length: 168, dtype: int64"
49164,2020-11-11 23:00,4.0,5.3,5.3,0,78,78,11,11,"0         11
689       11
1376      11
2044      11
2719      11
          ..
112419    11
113115    11
113807    11
114500    11
115192    11
Name: 등록일자, Length: 168, dtype: int640          9
689        9
1376       9
2044       9
2719       9
          ..
112419    15
113115    15
113807    15
114500    15
115192    15
Name: 일, Length: 168, dtype: int64"
49850,2020-11-12 00:00,13.0,0.0,0.0,0,100,100,11,12,"0         11
689       11
1376      11
2044      11
2719      11
          ..
112419    11
113115    11
113807    11
114500    11
115192    11
Name: 등록일자, Length: 168, dtype: int640          9
689        9
1376       9
2044       9
2719       9
          ..
112419    15
113115    15
113807    15
114500    15
115192    15
Name: 일, Length: 168, dtype: int64"
50538,2020-11-12 01:00,23.0,0.0,0.0,0,100,97,11,12,"0         11
689       11
1376      11
2044      11
2719      11
          ..
112419    11
113115    11
113807    11
114500    11
115192    11
Name: 등록일자, Length: 168, dtype: int640          9
689        9
1376       9
2044       9
2719       9
          ..
112419    15
113115    15
113807    15
114500    15
115192    15
Name: 일, Length: 168, dtype: int64"
51232,2020-11-12 02:00,10.0,0.1,0.1,1,100,100,11,12,"0         11
689       11
1376      11
2044      11
2719      11
          ..
112419    11
113115    11
113807    11
114500    11
115192    11
Name: 등록일자, Length: 168, dtype: int640          9
689        9
1376       9
2044       9
2719       9
          ..
112419    15
113115    15
113807    15
114500    15
115192    15
Name: 일, Length: 168, dtype: int64"
51920,2020-11-12 03:00,8.0,0.0,0.0,0,100,100,11,12,"0         11
689       11
1376      11
2044      11
2719      11
          ..
112419    11
113115    11
113807    11
114500    11
115192    11
Name: 등록일자, Length: 168, dtype: int640          9
689        9
1376       9
2044       9
2719       9
          ..
112419    15
113115    15
113807    15
114500    15
115192    15
Name: 일, Length: 168, dtype: int64"
52608,2020-11-12 04:00,23.0,2.7,2.7,1,100,100,11,12,"0         11
689       11
1376      11
2044      11
2719      11
          ..
112419    11
113115    11
113807    11
114500    11
115192    11
Name: 등록일자, Length: 168, dtype: int640          9
689        9
1376       9
2044       9
2719       9
          ..
112419    15
113115    15
113807    15
114500    15
115192    15
Name: 일, Length: 168, dtype: int64"
53292,2020-11-12 05:00,69.0,14.7,0.1,1,100,100,11,12,"0         11
689       11
1376      11
2044      11
2719      11
          ..
112419    11
113115    11
113807    11
114500    11
115192    11
Name: 등록일자, Length: 168, dtype: int640          9
689        9
1376       9
2044       9
2719       9
          ..
112419    15
113115    15
113807    15
114500    15
115192    15
Name: 일, Length: 168, dtype: int64"
53981,2020-11-12 06:00,6.0,0.4,0.4,0,100,100,11,12,"0         11
689       11
1376      11
2044      11
2719      11
          ..
112419    11
113115    11
113807    11
114500    11
115192    11
Name: 등록일자, Length: 168, dtype: int640          9
689        9
1376       9
2044       9
2719       9
          ..
112419    15
113115    15
113807    15
114500    15
115192    15
Name: 일, Length: 168, dtype: int64"
54668,2020-11-12 07:00,51.0,8.2,8.1,0,100,100,11,12,"0         11
689       11
1376      11
2044      11
2719      11
          ..
112419    11
113115    11
113807    11
114500    11
115192    11
Name: 등록일자, Length: 168, dtype: int640          9
689        9
1376       9
2044       9
2719       9
          ..
112419    15
113115    15
113807    15
114500    15
115192    15
Name: 일, Length: 168, dtype: int64"
55363,2020-11-12 08:00,5.0,0.0,0.0,0,0,0,11,12,"0         11
689       11
1376      11
2044      11
2719      11
          ..
112419    11
113115    11
113807    11
114500    11
115192    11
Name: 등록일자, Length: 168, dtype: int640          9
689        9
1376       9
2044       9
2719       9
          ..
112419    15
113115    15
113807    15
114500    15
115192    15
Name: 일, Length: 168, dtype: int64"
56073,2020-11-12 09:00,55.0,6.1,2.5,0,100,100,11,12,"0         11
689       11
1376      11
2044      11
2719      11
          ..
112419    11
113115    11
113807    11
114500    11
115192    11
Name: 등록일자, Length: 168, dtype: int640          9
689        9
1376       9
2044       9
2719       9
          ..
112419    15
113115    15
113807    15
114500    15
115192    15
Name: 일, Length: 168, dtype: int64"
56664,2020-11-12 10:00,13.0,1.8,0.0,0,98,97,11,12,"0         11
689       11
1376      11
2044      11
2719      11
          ..
112419    11
113115    11
113807    11
114500    11
115192    11
Name: 등록일자, Length: 168, dtype: int640          9
689        9
1376       9
2044       9
2719       9
          ..
112419    15
113115    15
113807    15
114500    15
115192    15
Name: 일, Length: 168, dtype: int64"
57466,2020-11-12 11:00,9.0,0.0,0.0,0,91,87,11,12,"0         11
689       11
1376      11
2044      11
2719      11
          ..
112419    11
113115    11
113807    11
114500    11
115192    11
Name: 등록일자, Length: 168, dtype: int640          9
689        9
1376       9
2044       9
2719       9
          ..
112419    15
113115    15
113807    15
114500    15
115192    15
Name: 일, Length: 168, dtype: int64"
58153,2020-11-12 12:00,4.0,1.3,1.1,1,0,100,11,12,"0         11
689       11
1376      11
2044      11
2719      11
          ..
112419    11
113115    11
113807    11
114500    11
115192    11
Name: 등록일자, Length: 168, dtype: int640          9
689        9
1376       9
2044       9
2719       9
          ..
112419    15
113115    15
113807    15
114500    15
115192    15
Name: 일, Length: 168, dtype: int64"
58845,2020-11-12 13:00,12.0,0.0,0.0,0,96,99,11,12,"0         11
689       11
1376      11
2044      11
2719      11
          ..
112419    11
113115    11
113807    11
114500    11
115192    11
Name: 등록일자, Length: 168, dtype: int640          9
689        9
1376       9
2044       9
2719       9
          ..
112419    15
113115    15
113807    15
114500    15
115192    15
Name: 일, Length: 168, dtype: int64"
59533,2020-11-12 14:00,,5.7,6.4,0,0,0,11,12,"0         11
689       11
1376      11
2044      11
2719      11
          ..
112419    11
113115    11
113807    11
114500    11
115192    11
Name: 등록일자, Length: 168, dtype: int640          9
689        9
1376       9
2044       9
2719       9
          ..
112419    15
113115    15
113807    15
114500    15
115192    15
Name: 일, Length: 168, dtype: int64"
60224,2020-11-12 15:00,18.0,0.1,0.1,1,25,25,11,12,"0         11
689       11
1376      11
2044      11
2719      11
          ..
112419    11
113115    11
113807    11
114500    11
115192    11
Name: 등록일자, Length: 168, dtype: int640          9
689        9
1376       9
2044       9
2719       9
          ..
112419    15
113115    15
113807    15
114500    15
115192    15
Name: 일, Length: 168, dtype: int64"
60918,2020-11-12 16:00,5.0,5.7,5.7,0,73,76,11,12,"0         11
689       11
1376      11
2044      11
2719      11
          ..
112419    11
113115    11
113807    11
114500    11
115192    11
Name: 등록일자, Length: 168, dtype: int640          9
689        9
1376       9
2044       9
2719       9
          ..
112419    15
113115    15
113807    15
114500    15
115192    15
Name: 일, Length: 168, dtype: int64"
61615,2020-11-12 17:00,66.0,0.0,0.0,1,100,100,11,12,"0         11
689       11
1376      11
2044      11
2719      11
          ..
112419    11
113115    11
113807    11
114500    11
115192    11
Name: 등록일자, Length: 168, dtype: int640          9
689        9
1376       9
2044       9
2719       9
          ..
112419    15
113115    15
113807    15
114500    15
115192    15
Name: 일, Length: 168, dtype: int64"
62311,2020-11-12 18:00,4.0,0.0,0.0,0,100,100,11,12,"0         11
689       11
1376      11
2044      11
2719      11
          ..
112419    11
113115    11
113807    11
114500    11
115192    11
Name: 등록일자, Length: 168, dtype: int640          9
689        9
1376       9
2044       9
2719       9
          ..
112419    15
113115    15
113807    15
114500    15
115192    15
Name: 일, Length: 168, dtype: int64"
63002,2020-11-12 19:00,21.0,19.8,2.6,1,100,49,11,12,"0         11
689       11
1376      11
2044      11
2719      11
          ..
112419    11
113115    11
113807    11
114500    11
115192    11
Name: 등록일자, Length: 168, dtype: int640          9
689        9
1376       9
2044       9
2719       9
          ..
112419    15
113115    15
113807    15
114500    15
115192    15
Name: 일, Length: 168, dtype: int64"
63700,2020-11-12 20:00,1.0,0.0,0.0,0,75,100,11,12,"0         11
689       11
1376      11
2044      11
2719      11
          ..
112419    11
113115    11
113807    11
114500    11
115192    11
Name: 등록일자, Length: 168, dtype: int640          9
689        9
1376       9
2044       9
2719       9
          ..
112419    15
113115    15
113807    15
114500    15
115192    15
Name: 일, Length: 168, dtype: int64"
64397,2020-11-12 21:00,12.0,6.9,6.9,0,100,100,11,12,"0         11
689       11
1376      11
2044      11
2719      11
          ..
112419    11
113115    11
113807    11
114500    11
115192    11
Name: 등록일자, Length: 168, dtype: int640          9
689        9
1376       9
2044       9
2719       9
          ..
112419    15
113115    15
113807    15
114500    15
115192    15
Name: 일, Length: 168, dtype: int64"
65084,2020-11-12 22:00,18.0,0.0,0.0,0,100,100,11,12,"0         11
689       11
1376      11
2044      11
2719      11
          ..
112419    11
113115    11
113807    11
114500    11
115192    11
Name: 등록일자, Length: 168, dtype: int640          9
689        9
1376       9
2044       9
2719       9
          ..
112419    15
113115    15
113807    15
114500    15
115192    15
Name: 일, Length: 168, dtype: int64"
65763,2020-11-12 23:00,13.0,0.0,0.0,0,100,100,11,12,"0         11
689       11
1376      11
2044      11
2719      11
          ..
112419    11
113115    11
113807    11
114500    11
115192    11
Name: 등록일자, Length: 168, dtype: int640          9
689        9
1376       9
2044       9
2719       9
          ..
112419    15
113115    15
113807    15
114500    15
115192    15
Name: 일, Length: 168, dtype: int64"
66452,2020-11-13 00:00,16.0,0.0,0.0,0,100,100,11,13,"0         11
689       11
1376      11
2044      11
2719      11
          ..
112419    11
113115    11
113807    11
114500    11
115192    11
Name: 등록일자, Length: 168, dtype: int640          9
689        9
1376       9
2044       9
2719       9
          ..
112419    15
113115    15
113807    15
114500    15
115192    15
Name: 일, Length: 168, dtype: int64"
67135,2020-11-13 01:00,4.0,0.0,0.0,0,3,2,11,13,"0         11
689       11
1376      11
2044      11
2719      11
          ..
112419    11
113115    11
113807    11
114500    11
115192    11
Name: 등록일자, Length: 168, dtype: int640          9
689        9
1376       9
2044       9
2719       9
          ..
112419    15
113115    15
113807    15
114500    15
115192    15
Name: 일, Length: 168, dtype: int64"
67823,2020-11-13 02:00,8.0,0.0,0.0,0,100,100,11,13,"0         11
689       11
1376      11
2044      11
2719      11
          ..
112419    11
113115    11
113807    11
114500    11
115192    11
Name: 등록일자, Length: 168, dtype: int640          9
689        9
1376       9
2044       9
2719       9
          ..
112419    15
113115    15
113807    15
114500    15
115192    15
Name: 일, Length: 168, dtype: int64"
68511,2020-11-13 03:00,65.0,16.5,16.7,1,91,99,11,13,"0         11
689       11
1376      11
2044      11
2719      11
          ..
112419    11
113115    11
113807    11
114500    11
115192    11
Name: 등록일자, Length: 168, dtype: int640          9
689        9
1376       9
2044       9
2719       9
          ..
112419    15
113115    15
113807    15
114500    15
115192    15
Name: 일, Length: 168, dtype: int64"
69194,2020-11-13 04:00,65.0,20.0,4.0,1,100,100,11,13,"0         11
689       11
1376      11
2044      11
2719      11
          ..
112419    11
113115    11
113807    11
114500    11
115192    11
Name: 등록일자, Length: 168, dtype: int640          9
689        9
1376       9
2044       9
2719       9
          ..
112419    15
113115    15
113807    15
114500    15
115192    15
Name: 일, Length: 168, dtype: int64"
69881,2020-11-13 05:00,20.0,0.0,0.0,0,100,100,11,13,"0         11
689       11
1376      11
2044      11
2719      11
          ..
112419    11
113115    11
113807    11
114500    11
115192    11
Name: 등록일자, Length: 168, dtype: int640          9
689        9
1376       9
2044       9
2719       9
          ..
112419    15
113115    15
113807    15
114500    15
115192    15
Name: 일, Length: 168, dtype: int64"
70572,2020-11-13 06:00,8.0,0.1,0.1,0,38,40,11,13,"0         11
689       11
1376      11
2044      11
2719      11
          ..
112419    11
113115    11
113807    11
114500    11
115192    11
Name: 등록일자, Length: 168, dtype: int640          9
689        9
1376       9
2044       9
2719       9
          ..
112419    15
113115    15
113807    15
114500    15
115192    15
Name: 일, Length: 168, dtype: int64"
71260,2020-11-13 07:00,2.0,0.0,0.0,0,100,100,11,13,"0         11
689       11
1376      11
2044      11
2719      11
          ..
112419    11
113115    11
113807    11
114500    11
115192    11
Name: 등록일자, Length: 168, dtype: int640          9
689        9
1376       9
2044       9
2719       9
          ..
112419    15
113115    15
113807    15
114500    15
115192    15
Name: 일, Length: 168, dtype: int64"
71951,2020-11-13 08:00,4.0,0.0,0.0,0,58,58,11,13,"0         11
689       11
1376      11
2044      11
2719      11
          ..
112419    11
113115    11
113807    11
114500    11
115192    11
Name: 등록일자, Length: 168, dtype: int640          9
689        9
1376       9
2044       9
2719       9
          ..
112419    15
113115    15
113807    15
114500    15
115192    15
Name: 일, Length: 168, dtype: int64"
72638,2020-11-13 09:00,2.0,2.0,2.0,0,100,100,11,13,"0         11
689       11
1376      11
2044      11
2719      11
          ..
112419    11
113115    11
113807    11
114500    11
115192    11
Name: 등록일자, Length: 168, dtype: int640          9
689        9
1376       9
2044       9
2719       9
          ..
112419    15
113115    15
113807    15
114500    15
115192    15
Name: 일, Length: 168, dtype: int64"
73322,2020-11-13 10:00,16.0,0.0,0.0,0,91,88,11,13,"0         11
689       11
1376      11
2044      11
2719      11
          ..
112419    11
113115    11
113807    11
114500    11
115192    11
Name: 등록일자, Length: 168, dtype: int640          9
689        9
1376       9
2044       9
2719       9
          ..
112419    15
113115    15
113807    15
114500    15
115192    15
Name: 일, Length: 168, dtype: int64"
73999,2020-11-13 11:00,16.0,0.0,0.0,0,100,100,11,13,"0         11
689       11
1376      11
2044      11
2719      11
          ..
112419    11
113115    11
113807    11
114500    11
115192    11
Name: 등록일자, Length: 168, dtype: int640          9
689        9
1376       9
2044       9
2719       9
          ..
112419    15
113115    15
113807    15
114500    15
115192    15
Name: 일, Length: 168, dtype: int64"
74683,2020-11-13 12:00,9.0,0.0,0.0,1,55,19,11,13,"0         11
689       11
1376      11
2044      11
2719      11
          ..
112419    11
113115    11
113807    11
114500    11
115192    11
Name: 등록일자, Length: 168, dtype: int640          9
689        9
1376       9
2044       9
2719       9
          ..
112419    15
113115    15
113807    15
114500    15
115192    15
Name: 일, Length: 168, dtype: int64"
75373,2020-11-13 13:00,6.0,0.0,0.0,0,74,67,11,13,"0         11
689       11
1376      11
2044      11
2719      11
          ..
112419    11
113115    11
113807    11
114500    11
115192    11
Name: 등록일자, Length: 168, dtype: int640          9
689        9
1376       9
2044       9
2719       9
          ..
112419    15
113115    15
113807    15
114500    15
115192    15
Name: 일, Length: 168, dtype: int64"
76055,2020-11-13 14:00,21.0,0.0,0.0,0,100,100,11,13,"0         11
689       11
1376      11
2044      11
2719      11
          ..
112419    11
113115    11
113807    11
114500    11
115192    11
Name: 등록일자, Length: 168, dtype: int640          9
689        9
1376       9
2044       9
2719       9
          ..
112419    15
113115    15
113807    15
114500    15
115192    15
Name: 일, Length: 168, dtype: int64"
76728,2020-11-13 15:00,9.0,21.6,0.2,1,75,100,11,13,"0         11
689       11
1376      11
2044      11
2719      11
          ..
112419    11
113115    11
113807    11
114500    11
115192    11
Name: 등록일자, Length: 168, dtype: int640          9
689        9
1376       9
2044       9
2719       9
          ..
112419    15
113115    15
113807    15
114500    15
115192    15
Name: 일, Length: 168, dtype: int64"
77411,2020-11-13 16:00,2.0,5.7,5.7,0,100,100,11,13,"0         11
689       11
1376      11
2044      11
2719      11
          ..
112419    11
113115    11
113807    11
114500    11
115192    11
Name: 등록일자, Length: 168, dtype: int640          9
689        9
1376       9
2044       9
2719       9
          ..
112419    15
113115    15
113807    15
114500    15
115192    15
Name: 일, Length: 168, dtype: int64"
78092,2020-11-13 17:00,0.0,0.0,0.0,0,97,97,11,13,"0         11
689       11
1376      11
2044      11
2719      11
          ..
112419    11
113115    11
113807    11
114500    11
115192    11
Name: 등록일자, Length: 168, dtype: int640          9
689        9
1376       9
2044       9
2719       9
          ..
112419    15
113115    15
113807    15
114500    15
115192    15
Name: 일, Length: 168, dtype: int64"
78766,2020-11-13 18:00,4.0,0.0,0.0,0,100,100,11,13,"0         11
689       11
1376      11
2044      11
2719      11
          ..
112419    11
113115    11
113807    11
114500    11
115192    11
Name: 등록일자, Length: 168, dtype: int640          9
689        9
1376       9
2044       9
2719       9
          ..
112419    15
113115    15
113807    15
114500    15
115192    15
Name: 일, Length: 168, dtype: int64"
79452,2020-11-13 19:00,20.0,0.0,0.0,0,100,100,11,13,"0         11
689       11
1376      11
2044      11
2719      11
          ..
112419    11
113115    11
113807    11
114500    11
115192    11
Name: 등록일자, Length: 168, dtype: int640          9
689        9
1376       9
2044       9
2719       9
          ..
112419    15
113115    15
113807    15
114500    15
115192    15
Name: 일, Length: 168, dtype: int64"
80143,2020-11-13 20:00,23.0,4.7,4.7,0,100,100,11,13,"0         11
689       11
1376      11
2044      11
2719      11
          ..
112419    11
113115    11
113807    11
114500    11
115192    11
Name: 등록일자, Length: 168, dtype: int640          9
689        9
1376       9
2044       9
2719       9
          ..
112419    15
113115    15
113807    15
114500    15
115192    15
Name: 일, Length: 168, dtype: int64"
80842,2020-11-13 21:00,18.0,2.1,2.1,1,0,100,11,13,"0         11
689       11
1376      11
2044      11
2719      11
          ..
112419    11
113115    11
113807    11
114500    11
115192    11
Name: 등록일자, Length: 168, dtype: int640          9
689        9
1376       9
2044       9
2719       9
          ..
112419    15
113115    15
113807    15
114500    15
115192    15
Name: 일, Length: 168, dtype: int64"
81529,2020-11-13 22:00,8.0,6.6,6.8,1,0,100,11,13,"0         11
689       11
1376      11
2044      11
2719      11
          ..
112419    11
113115    11
113807    11
114500    11
115192    11
Name: 등록일자, Length: 168, dtype: int640          9
689        9
1376       9
2044       9
2719       9
          ..
112419    15
113115    15
113807    15
114500    15
115192    15
Name: 일, Length: 168, dtype: int64"
82220,2020-11-13 23:00,8.0,0.0,0.0,0,100,100,11,13,"0         11
689       11
1376      11
2044      11
2719      11
          ..
112419    11
113115    11
113807    11
114500    11
115192    11
Name: 등록일자, Length: 168, dtype: int640          9
689        9
1376       9
2044       9
2719       9
          ..
112419    15
113115    15
113807    15
114500    15
115192    15
Name: 일, Length: 168, dtype: int64"
82914,2020-11-14 00:00,62.0,0.1,16.0,0,100,100,11,14,"0         11
689       11
1376      11
2044      11
2719      11
          ..
112419    11
113115    11
113807    11
114500    11
115192    11
Name: 등록일자, Length: 168, dtype: int640          9
689        9
1376       9
2044       9
2719       9
          ..
112419    15
113115    15
113807    15
114500    15
115192    15
Name: 일, Length: 168, dtype: int64"
83619,2020-11-14 01:00,41.0,15.0,15.0,0,100,100,11,14,"0         11
689       11
1376      11
2044      11
2719      11
          ..
112419    11
113115    11
113807    11
114500    11
115192    11
Name: 등록일자, Length: 168, dtype: int640          9
689        9
1376       9
2044       9
2719       9
          ..
112419    15
113115    15
113807    15
114500    15
115192    15
Name: 일, Length: 168, dtype: int64"
84310,2020-11-14 02:00,11.0,0.0,0.0,0,100,100,11,14,"0         11
689       11
1376      11
2044      11
2719      11
          ..
112419    11
113115    11
113807    11
114500    11
115192    11
Name: 등록일자, Length: 168, dtype: int640          9
689        9
1376       9
2044       9
2719       9
          ..
112419    15
113115    15
113807    15
114500    15
115192    15
Name: 일, Length: 168, dtype: int64"
85000,2020-11-14 03:00,9.0,0.0,0.0,0,100,100,11,14,"0         11
689       11
1376      11
2044      11
2719      11
          ..
112419    11
113115    11
113807    11
114500    11
115192    11
Name: 등록일자, Length: 168, dtype: int640          9
689        9
1376       9
2044       9
2719       9
          ..
112419    15
113115    15
113807    15
114500    15
115192    15
Name: 일, Length: 168, dtype: int64"
85696,2020-11-14 04:00,11.0,1.4,1.4,0,100,100,11,14,"0         11
689       11
1376      11
2044      11
2719      11
          ..
112419    11
113115    11
113807    11
114500    11
115192    11
Name: 등록일자, Length: 168, dtype: int640          9
689        9
1376       9
2044       9
2719       9
          ..
112419    15
113115    15
113807    15
114500    15
115192    15
Name: 일, Length: 168, dtype: int64"
86388,2020-11-14 05:00,71.0,2.2,5.4,1,100,100,11,14,"0         11
689       11
1376      11
2044      11
2719      11
          ..
112419    11
113115    11
113807    11
114500    11
115192    11
Name: 등록일자, Length: 168, dtype: int640          9
689        9
1376       9
2044       9
2719       9
          ..
112419    15
113115    15
113807    15
114500    15
115192    15
Name: 일, Length: 168, dtype: int64"
87079,2020-11-14 06:00,4.0,0.0,0.0,0,100,100,11,14,"0         11
689       11
1376      11
2044      11
2719      11
          ..
112419    11
113115    11
113807    11
114500    11
115192    11
Name: 등록일자, Length: 168, dtype: int640          9
689        9
1376       9
2044       9
2719       9
          ..
112419    15
113115    15
113807    15
114500    15
115192    15
Name: 일, Length: 168, dtype: int64"
87768,2020-11-14 07:00,63.0,0.0,0.0,0,100,100,11,14,"0         11
689       11
1376      11
2044      11
2719      11
          ..
112419    11
113115    11
113807    11
114500    11
115192    11
Name: 등록일자, Length: 168, dtype: int640          9
689        9
1376       9
2044       9
2719       9
          ..
112419    15
113115    15
113807    15
114500    15
115192    15
Name: 일, Length: 168, dtype: int64"
88465,2020-11-14 08:00,17.0,0.0,0.0,0,100,79,11,14,"0         11
689       11
1376      11
2044      11
2719      11
          ..
112419    11
113115    11
113807    11
114500    11
115192    11
Name: 등록일자, Length: 168, dtype: int640          9
689        9
1376       9
2044       9
2719       9
          ..
112419    15
113115    15
113807    15
114500    15
115192    15
Name: 일, Length: 168, dtype: int64"
89166,2020-11-14 09:00,16.0,11.7,11.7,0,95,91,11,14,"0         11
689       11
1376      11
2044      11
2719      11
          ..
112419    11
113115    11
113807    11
114500    11
115192    11
Name: 등록일자, Length: 168, dtype: int640          9
689        9
1376       9
2044       9
2719       9
          ..
112419    15
113115    15
113807    15
114500    15
115192    15
Name: 일, Length: 168, dtype: int64"
89858,2020-11-14 10:00,9.0,5.4,5.4,0,75,73,11,14,"0         11
689       11
1376      11
2044      11
2719      11
          ..
112419    11
113115    11
113807    11
114500    11
115192    11
Name: 등록일자, Length: 168, dtype: int640          9
689        9
1376       9
2044       9
2719       9
          ..
112419    15
113115    15
113807    15
114500    15
115192    15
Name: 일, Length: 168, dtype: int64"
90544,2020-11-14 11:00,4.0,0.0,0.0,0,29,93,11,14,"0         11
689       11
1376      11
2044      11
2719      11
          ..
112419    11
113115    11
113807    11
114500    11
115192    11
Name: 등록일자, Length: 168, dtype: int640          9
689        9
1376       9
2044       9
2719       9
          ..
112419    15
113115    15
113807    15
114500    15
115192    15
Name: 일, Length: 168, dtype: int64"
91236,2020-11-14 12:00,21.0,0.0,0.0,1,88,85,11,14,"0         11
689       11
1376      11
2044      11
2719      11
          ..
112419    11
113115    11
113807    11
114500    11
115192    11
Name: 등록일자, Length: 168, dtype: int640          9
689        9
1376       9
2044       9
2719       9
          ..
112419    15
113115    15
113807    15
114500    15
115192    15
Name: 일, Length: 168, dtype: int64"
91927,2020-11-14 13:00,14.0,0.0,0.0,0,100,100,11,14,"0         11
689       11
1376      11
2044      11
2719      11
          ..
112419    11
113115    11
113807    11
114500    11
115192    11
Name: 등록일자, Length: 168, dtype: int640          9
689        9
1376       9
2044       9
2719       9
          ..
112419    15
113115    15
113807    15
114500    15
115192    15
Name: 일, Length: 168, dtype: int64"
92615,2020-11-14 14:00,5.0,1.5,1.5,0,23,24,11,14,"0         11
689       11
1376      11
2044      11
2719      11
          ..
112419    11
113115    11
113807    11
114500    11
115192    11
Name: 등록일자, Length: 168, dtype: int640          9
689        9
1376       9
2044       9
2719       9
          ..
112419    15
113115    15
113807    15
114500    15
115192    15
Name: 일, Length: 168, dtype: int64"
93300,2020-11-14 15:00,5.0,0.0,0.0,0,100,100,11,14,"0         11
689       11
1376      11
2044      11
2719      11
          ..
112419    11
113115    11
113807    11
114500    11
115192    11
Name: 등록일자, Length: 168, dtype: int640          9
689        9
1376       9
2044       9
2719       9
          ..
112419    15
113115    15
113807    15
114500    15
115192    15
Name: 일, Length: 168, dtype: int64"
93980,2020-11-14 16:00,6.0,5.5,5.4,1,0,42,11,14,"0         11
689       11
1376      11
2044      11
2719      11
          ..
112419    11
113115    11
113807    11
114500    11
115192    11
Name: 등록일자, Length: 168, dtype: int640          9
689        9
1376       9
2044       9
2719       9
          ..
112419    15
113115    15
113807    15
114500    15
115192    15
Name: 일, Length: 168, dtype: int64"
94669,2020-11-14 17:00,6.0,0.1,0.1,0,97,0,11,14,"0         11
689       11
1376      11
2044      11
2719      11
          ..
112419    11
113115    11
113807    11
114500    11
115192    11
Name: 등록일자, Length: 168, dtype: int640          9
689        9
1376       9
2044       9
2719       9
          ..
112419    15
113115    15
113807    15
114500    15
115192    15
Name: 일, Length: 168, dtype: int64"
95350,2020-11-14 18:00,10.0,5.0,5.0,0,100,100,11,14,"0         11
689       11
1376      11
2044      11
2719      11
          ..
112419    11
113115    11
113807    11
114500    11
115192    11
Name: 등록일자, Length: 168, dtype: int640          9
689        9
1376       9
2044       9
2719       9
          ..
112419    15
113115    15
113807    15
114500    15
115192    15
Name: 일, Length: 168, dtype: int64"
96037,2020-11-14 19:00,6.0,0.3,0.4,0,29,31,11,14,"0         11
689       11
1376      11
2044      11
2719      11
          ..
112419    11
113115    11
113807    11
114500    11
115192    11
Name: 등록일자, Length: 168, dtype: int640          9
689        9
1376       9
2044       9
2719       9
          ..
112419    15
113115    15
113807    15
114500    15
115192    15
Name: 일, Length: 168, dtype: int64"
96718,2020-11-14 20:00,11.0,1.4,1.4,0,100,100,11,14,"0         11
689       11
1376      11
2044      11
2719      11
          ..
112419    11
113115    11
113807    11
114500    11
115192    11
Name: 등록일자, Length: 168, dtype: int640          9
689        9
1376       9
2044       9
2719       9
          ..
112419    15
113115    15
113807    15
114500    15
115192    15
Name: 일, Length: 168, dtype: int64"
97409,2020-11-14 21:00,20.0,9.0,9.0,0,4,4,11,14,"0         11
689       11
1376      11
2044      11
2719      11
          ..
112419    11
113115    11
113807    11
114500    11
115192    11
Name: 등록일자, Length: 168, dtype: int640          9
689        9
1376       9
2044       9
2719       9
          ..
112419    15
113115    15
113807    15
114500    15
115192    15
Name: 일, Length: 168, dtype: int64"
98095,2020-11-14 22:00,7.0,0.0,0.0,0,100,100,11,14,"0         11
689       11
1376      11
2044      11
2719      11
          ..
112419    11
113115    11
113807    11
114500    11
115192    11
Name: 등록일자, Length: 168, dtype: int640          9
689        9
1376       9
2044       9
2719       9
          ..
112419    15
113115    15
113807    15
114500    15
115192    15
Name: 일, Length: 168, dtype: int64"
98774,2020-11-14 23:00,7.0,5.3,5.9,0,100,100,11,14,"0         11
689       11
1376      11
2044      11
2719      11
          ..
112419    11
113115    11
113807    11
114500    11
115192    11
Name: 등록일자, Length: 168, dtype: int640          9
689        9
1376       9
2044       9
2719       9
          ..
112419    15
113115    15
113807    15
114500    15
115192    15
Name: 일, Length: 168, dtype: int64"
99456,2020-11-15 00:00,4.0,6.2,6.2,0,100,100,11,15,"0         11
689       11
1376      11
2044      11
2719      11
          ..
112419    11
113115    11
113807    11
114500    11
115192    11
Name: 등록일자, Length: 168, dtype: int640          9
689        9
1376       9
2044       9
2719       9
          ..
112419    15
113115    15
113807    15
114500    15
115192    15
Name: 일, Length: 168, dtype: int64"
100144,2020-11-15 01:00,13.0,0.0,0.0,0,100,100,11,15,"0         11
689       11
1376      11
2044      11
2719      11
          ..
112419    11
113115    11
113807    11
114500    11
115192    11
Name: 등록일자, Length: 168, dtype: int640          9
689        9
1376       9
2044       9
2719       9
          ..
112419    15
113115    15
113807    15
114500    15
115192    15
Name: 일, Length: 168, dtype: int64"
100824,2020-11-15 02:00,8.0,0.0,0.0,1,0,100,11,15,"0         11
689       11
1376      11
2044      11
2719      11
          ..
112419    11
113115    11
113807    11
114500    11
115192    11
Name: 등록일자, Length: 168, dtype: int640          9
689        9
1376       9
2044       9
2719       9
          ..
112419    15
113115    15
113807    15
114500    15
115192    15
Name: 일, Length: 168, dtype: int64"
101501,2020-11-15 03:00,12.0,0.0,0.0,0,100,100,11,15,"0         11
689       11
1376      11
2044      11
2719      11
          ..
112419    11
113115    11
113807    11
114500    11
115192    11
Name: 등록일자, Length: 168, dtype: int640          9
689        9
1376       9
2044       9
2719       9
          ..
112419    15
113115    15
113807    15
114500    15
115192    15
Name: 일, Length: 168, dtype: int64"
102175,2020-11-15 04:00,3.0,2.0,2.0,0,100,100,11,15,"0         11
689       11
1376      11
2044      11
2719      11
          ..
112419    11
113115    11
113807    11
114500    11
115192    11
Name: 등록일자, Length: 168, dtype: int640          9
689        9
1376       9
2044       9
2719       9
          ..
112419    15
113115    15
113807    15
114500    15
115192    15
Name: 일, Length: 168, dtype: int64"
102848,2020-11-15 05:00,56.0,0.0,0.0,1,100,100,11,15,"0         11
689       11
1376      11
2044      11
2719      11
          ..
112419    11
113115    11
113807    11
114500    11
115192    11
Name: 등록일자, Length: 168, dtype: int640          9
689        9
1376       9
2044       9
2719       9
          ..
112419    15
113115    15
113807    15
114500    15
115192    15
Name: 일, Length: 168, dtype: int64"
103522,2020-11-15 06:00,11.0,1.5,1.6,0,59,58,11,15,"0         11
689       11
1376      11
2044      11
2719      11
          ..
112419    11
113115    11
113807    11
114500    11
115192    11
Name: 등록일자, Length: 168, dtype: int640          9
689        9
1376       9
2044       9
2719       9
          ..
112419    15
113115    15
113807    15
114500    15
115192    15
Name: 일, Length: 168, dtype: int64"
104192,2020-11-15 07:00,6.0,0.0,0.0,0,0,0,11,15,"0         11
689       11
1376      11
2044      11
2719      11
          ..
112419    11
113115    11
113807    11
114500    11
115192    11
Name: 등록일자, Length: 168, dtype: int640          9
689        9
1376       9
2044       9
2719       9
          ..
112419    15
113115    15
113807    15
114500    15
115192    15
Name: 일, Length: 168, dtype: int64"
104873,2020-11-15 08:00,9.0,0.0,0.0,0,64,69,11,15,"0         11
689       11
1376      11
2044      11
2719      11
          ..
112419    11
113115    11
113807    11
114500    11
115192    11
Name: 등록일자, Length: 168, dtype: int640          9
689        9
1376       9
2044       9
2719       9
          ..
112419    15
113115    15
113807    15
114500    15
115192    15
Name: 일, Length: 168, dtype: int64"
105554,2020-11-15 09:00,4.0,0.4,0.4,0,0,0,11,15,"0         11
689       11
1376      11
2044      11
2719      11
          ..
112419    11
113115    11
113807    11
114500    11
115192    11
Name: 등록일자, Length: 168, dtype: int640          9
689        9
1376       9
2044       9
2719       9
          ..
112419    15
113115    15
113807    15
114500    15
115192    15
Name: 일, Length: 168, dtype: int64"
106223,2020-11-15 10:00,4.0,0.0,0.0,0,100,98,11,15,"0         11
689       11
1376      11
2044      11
2719      11
          ..
112419    11
113115    11
113807    11
114500    11
115192    11
Name: 등록일자, Length: 168, dtype: int640          9
689        9
1376       9
2044       9
2719       9
          ..
112419    15
113115    15
113807    15
114500    15
115192    15
Name: 일, Length: 168, dtype: int64"
106907,2020-11-15 11:00,3.0,0.0,0.0,0,67,66,11,15,"0         11
689       11
1376      11
2044      11
2719      11
          ..
112419    11
113115    11
113807    11
114500    11
115192    11
Name: 등록일자, Length: 168, dtype: int640          9
689        9
1376       9
2044       9
2719       9
          ..
112419    15
113115    15
113807    15
114500    15
115192    15
Name: 일, Length: 168, dtype: int64"
107595,2020-11-15 12:00,60.0,0.2,0.4,1,91,91,11,15,"0         11
689       11
1376      11
2044      11
2719      11
          ..
112419    11
113115    11
113807    11
114500    11
115192    11
Name: 등록일자, Length: 168, dtype: int640          9
689        9
1376       9
2044       9
2719       9
          ..
112419    15
113115    15
113807    15
114500    15
115192    15
Name: 일, Length: 168, dtype: int64"
108283,2020-11-15 13:00,7.0,0.0,0.0,0,98,98,11,15,"0         11
689       11
1376      11
2044      11
2719      11
          ..
112419    11
113115    11
113807    11
114500    11
115192    11
Name: 등록일자, Length: 168, dtype: int640          9
689        9
1376       9
2044       9
2719       9
          ..
112419    15
113115    15
113807    15
114500    15
115192    15
Name: 일, Length: 168, dtype: int64"
108976,2020-11-15 14:00,9.0,0.5,0.5,0,26,27,11,15,"0         11
689       11
1376      11
2044      11
2719      11
          ..
112419    11
113115    11
113807    11
114500    11
115192    11
Name: 등록일자, Length: 168, dtype: int640          9
689        9
1376       9
2044       9
2719       9
          ..
112419    15
113115    15
113807    15
114500    15
115192    15
Name: 일, Length: 168, dtype: int64"
109662,2020-11-15 15:00,9.0,1.5,1.5,1,100,100,11,15,"0         11
689       11
1376      11
2044      11
2719      11
          ..
112419    11
113115    11
113807    11
114500    11
115192    11
Name: 등록일자, Length: 168, dtype: int640          9
689        9
1376       9
2044       9
2719       9
          ..
112419    15
113115    15
113807    15
114500    15
115192    15
Name: 일, Length: 168, dtype: int64"
110347,2020-11-15 16:00,3.0,0.0,0.0,0,67,66,11,15,"0         11
689       11
1376      11
2044      11
2719      11
          ..
112419    11
113115    11
113807    11
114500    11
115192    11
Name: 등록일자, Length: 168, dtype: int640          9
689        9
1376       9
2044       9
2719       9
          ..
112419    15
113115    15
113807    15
114500    15
115192    15
Name: 일, Length: 168, dtype: int64"
111033,2020-11-15 17:00,4.0,2.5,2.5,0,91,91,11,15,"0         11
689       11
1376      11
2044      11
2719      11
          ..
112419    11
113115    11
113807    11
114500    11
115192    11
Name: 등록일자, Length: 168, dtype: int640          9
689        9
1376       9
2044       9
2719       9
          ..
112419    15
113115    15
113807    15
114500    15
115192    15
Name: 일, Length: 168, dtype: int64"
111730,2020-11-15 18:00,22.0,0.1,0.1,0,100,100,11,15,"0         11
689       11
1376      11
2044      11
2719      11
          ..
112419    11
113115    11
113807    11
114500    11
115192    11
Name: 등록일자, Length: 168, dtype: int640          9
689        9
1376       9
2044       9
2719       9
          ..
112419    15
113115    15
113807    15
114500    15
115192    15
Name: 일, Length: 168, dtype: int64"
112419,2020-11-15 19:00,32.0,0.0,0.0,0,100,100,11,15,"0         11
689       11
1376      11
2044      11
2719      11
          ..
112419    11
113115    11
113807    11
114500    11
115192    11
Name: 등록일자, Length: 168, dtype: int640          9
689        9
1376       9
2044       9
2719       9
          ..
112419    15
113115    15
113807    15
114500    15
115192    15
Name: 일, Length: 168, dtype: int64"
113115,2020-11-15 20:00,0.0,2.0,2.1,0,100,100,11,15,"0         11
689       11
1376      11
2044      11
2719      11
          ..
112419    11
113115    11
113807    11
114500    11
115192    11
Name: 등록일자, Length: 168, dtype: int640          9
689        9
1376       9
2044       9
2719       9
          ..
112419    15
113115    15
113807    15
114500    15
115192    15
Name: 일, Length: 168, dtype: int64"
113807,2020-11-15 21:00,40.0,16.0,15.9,0,100,100,11,15,"0         11
689       11
1376      11
2044      11
2719      11
          ..
112419    11
113115    11
113807    11
114500    11
115192    11
Name: 등록일자, Length: 168, dtype: int640          9
689        9
1376       9
2044       9
2719       9
          ..
112419    15
113115    15
113807    15
114500    15
115192    15
Name: 일, Length: 168, dtype: int64"
114500,2020-11-15 22:00,15.0,0.0,0.0,1,0,0,11,15,"0         11
689       11
1376      11
2044      11
2719      11
          ..
112419    11
113115    11
113807    11
114500    11
115192    11
Name: 등록일자, Length: 168, dtype: int640          9
689        9
1376       9
2044       9
2719       9
          ..
112419    15
113115    15
113807    15
114500    15
115192    15
Name: 일, Length: 168, dtype: int64"
115192,2020-11-15 23:00,81.0,19.4,19.3,0,100,100,11,15,"0         11
689       11
1376      11
2044      11
2719      11
          ..
112419    11
113115    11
113807    11
114500    11
115192    11
Name: 등록일자, Length: 168, dtype: int640          9
689        9
1376       9
2044       9
2719       9
          ..
112419    15
113115    15
113807    15
114500    15
115192    15
Name: 일, Length: 168, dtype: int64"
